SKU_ID,Warehouse_ID,Average_Daily_Demand,Demand_Std,Supplier_Lead_Time_Days,Inventory_Level,Safety_Stock,Lead_Time_Demand,Optimized_Reorder_Point,Inventory_Gap,Recommended_Order,Inventory_Status
SKU_1,WH_1,22.98,0.11,14,624,0.71,321.68,322.39,-301.61,0.0,ADEQUATE
SKU_1,WH_2,13.78,0.14,8,363,0.67,110.24,110.91,-252.09,0.0,ADEQUATE
SKU_1,WH_3,18.85,0.26,6,435,1.07,113.1,114.17,-320.83,0.0,ADEQUATE
SKU_1,WH_4,10.45,0.14,9,441,0.7,94.02,94.72,-346.28,0.0,ADEQUATE
SKU_1,WH_5,29.33,0.24,4,570,0.78,117.33,118.12,-451.88,0.0,ADEQUATE
SKU_10,WH_1,19.12,0.21,13,503,1.27,248.62,249.89,-253.11,0.0,ADEQUATE
SKU_10,WH_2,22.95,0.15,10,443,0.79,229.52,230.31,-212.69,0.0,ADEQUATE
SKU_10,WH_3,14.25,0.21,5,572,0.76,71.25,72.01,-499.99,0.0,ADEQUATE
SKU_10,WH_4,26.67,0.17,14,414,1.04,373.37,374.41,-39.59,0.0,ADEQUATE
SKU_10,WH_5,33.03,0.26,9,352,1.27,297.28,298.55,-53.45,0.0,ADEQUATE
SKU_11,WH_1,15.63,0.3,4,758,0.99,62.52,63.51,-694.49,0.0,ADEQUATE
SKU_11,WH_2,23.84,0.25,4,291,0.82,95.35,96.17,-194.83,0.0,ADEQUATE
SKU_11,WH_3,14.69,0.13,13,370,0.78,190.95,191.72,-178.28,0.0,ADEQUATE
SKU_11,WH_4,17.69,0.28,2,585,0.65,35.37,36.02,-548.98,0.0,ADEQUATE
SKU_11,WH_5,22.26,0.25,3,673,0.73,66.78,67.51,-605.49,0.0,ADEQUATE
SKU_12,WH_1,29.74,0.27,5,304,1.01,148.68,149.69,-154.31,0.0,ADEQUATE
SKU_12,WH_2,19.19,0.22,6,609,0.89,115.14,116.02,-492.98,0.0,ADEQUATE
SKU_12,WH_3,25.8,0.25,6,263,1.01,154.81,155.83,-107.17,0.0,ADEQUATE
SKU_12,WH_4,21.99,0.14,12,537,0.78,263.94,264.71,-272.29,0.0,ADEQUATE
SKU_12,WH_5,17.81,0.18,6,371,0.71,106.86,107.57,-263.43,0.0,ADEQUATE
SKU_13,WH_1,24.81,0.18,9,442,0.91,223.26,224.17,-217.83,0.0,ADEQUATE
SKU_13,WH_2,14.02,0.18,11,559,1.0,154.17,155.17,-403.83,0.0,ADEQUATE
SKU_13,WH_3,11.62,0.15,14,511,0.95,162.74,163.69,-347.31,0.0,ADEQUATE
SKU_13,WH_4,18.07,0.16,10,352,0.82,180.69,181.51,-170.49,0.0,ADEQUATE
SKU_13,WH_5,20.83,0.17,7,576,0.72,145.81,146.53,-429.47,0.0,ADEQUATE
SKU_14,WH_1,20.11,0.18,11,457,0.96,221.16,222.12,-234.88,0.0,ADEQUATE
SKU_14,WH_2,13.87,0.21,14,506,1.27,194.12,195.39,-310.61,0.0,ADEQUATE
SKU_14,WH_3,22.78,0.16,3,457,0.46,68.35,68.81,-388.19,0.0,ADEQUATE
SKU_14,WH_4,27.86,0.19,10,514,0.97,278.58,279.56,-234.44,0.0,ADEQUATE
SKU_14,WH_5,15.1,0.1,6,558,0.41,90.57,90.99,-467.01,0.0,ADEQUATE
SKU_15,WH_1,18.16,0.15,13,340,0.9,236.12,237.02,-102.98,0.0,ADEQUATE
SKU_15,WH_2,18.28,0.21,8,491,0.96,146.25,147.2,-343.8,0.0,ADEQUATE
SKU_15,WH_3,20.38,0.27,7,294,1.19,142.64,143.83,-150.17,0.0,ADEQUATE
SKU_15,WH_4,20.78,0.15,5,363,0.57,103.88,104.45,-258.55,0.0,ADEQUATE
SKU_15,WH_5,15.05,0.11,14,470,0.68,210.7,211.38,-258.62,0.0,ADEQUATE
SKU_16,WH_1,18.0,0.2,14,466,1.22,252.05,253.27,-212.73,0.0,ADEQUATE
SKU_16,WH_2,23.23,0.16,11,709,0.89,255.54,256.43,-452.57,0.0,ADEQUATE
SKU_16,WH_3,23.08,0.18,6,406,0.74,138.47,139.21,-266.79,0.0,ADEQUATE
SKU_16,WH_4,5.42,0.21,4,610,0.71,21.67,22.38,-587.62,0.0,ADEQUATE
SKU_16,WH_5,17.07,0.2,2,433,0.47,34.14,34.61,-398.39,0.0,ADEQUATE
SKU_17,WH_1,12.0,0.13,10,500,0.7,119.97,120.67,-379.33,0.0,ADEQUATE
SKU_17,WH_2,18.09,0.23,13,505,1.35,235.22,236.58,-268.42,0.0,ADEQUATE
SKU_17,WH_3,29.07,0.17,3,574,0.49,87.22,87.72,-486.28,0.0,ADEQUATE
SKU_17,WH_4,15.64,0.15,5,362,0.55,78.2,78.75,-283.25,0.0,ADEQUATE
SKU_17,WH_5,19.97,0.21,8,334,1.0,159.77,160.76,-173.24,0.0,ADEQUATE
SKU_18,WH_1,27.93,0.17,2,407,0.4,55.86,56.27,-350.73,0.0,ADEQUATE
SKU_18,WH_2,22.86,0.18,10,272,0.94,228.57,229.51,-42.49,0.0,ADEQUATE
SKU_18,WH_3,19.3,0.32,9,442,1.56,173.74,175.3,-266.7,0.0,ADEQUATE
SKU_18,WH_4,17.13,0.2,6,339,0.83,102.78,103.61,-235.39,0.0,ADEQUATE
SKU_18,WH_5,24.1,0.13,13,766,0.8,313.35,314.15,-451.85,0.0,ADEQUATE
SKU_19,WH_1,19.45,0.2,8,346,0.93,155.57,156.5,-189.5,0.0,ADEQUATE
SKU_19,WH_2,18.66,0.24,8,470,1.11,149.28,150.39,-319.61,0.0,ADEQUATE
SKU_19,WH_3,20.99,0.22,4,278,0.72,83.97,84.69,-193.31,0.0,ADEQUATE
SKU_19,WH_4,28.1,0.23,4,343,0.76,112.39,113.15,-229.85,0.0,ADEQUATE
SKU_19,WH_5,16.23,0.15,7,604,0.67,113.6,114.26,-489.74,0.0,ADEQUATE
SKU_2,WH_1,25.06,0.29,13,271,1.73,325.72,327.45,56.45,56.45,REORDER
SKU_2,WH_2,17.46,0.15,8,497,0.71,139.72,140.43,-356.57,0.0,ADEQUATE
SKU_2,WH_3,20.75,0.29,10,299,1.52,207.52,209.03,-89.97,0.0,ADEQUATE
SKU_2,WH_4,13.99,0.13,6,389,0.53,83.96,84.49,-304.51,0.0,ADEQUATE
SKU_2,WH_5,28.86,0.11,14,490,0.7,403.98,404.68,-85.32,0.0,ADEQUATE
SKU_20,WH_1,20.94,0.15,9,452,0.75,188.5,189.25,-262.75,0.0,ADEQUATE
SKU_20,WH_2,23.6,0.2,9,544,1.0,212.42,213.42,-330.58,0.0,ADEQUATE
SKU_20,WH_3,23.72,0.1,3,433,0.29,71.16,71.45,-361.55,0.0,ADEQUATE
SKU_20,WH_4,17.05,0.15,2,344,0.35,34.1,34.45,-309.55,0.0,ADEQUATE
SKU_20,WH_5,20.07,0.17,2,447,0.41,40.13,40.54,-406.46,0.0,ADEQUATE
SKU_21,WH_1,22.37,0.25,11,339,1.35,246.08,247.43,-91.57,0.0,ADEQUATE
SKU_21,WH_2,18.03,0.14,7,372,0.62,126.22,126.85,-245.15,0.0,ADEQUATE
SKU_21,WH_3,13.13,0.23,10,278,1.18,131.33,132.51,-145.49,0.0,ADEQUATE
SKU_21,WH_4,22.38,0.27,8,478,1.24,179.07,180.31,-297.69,0.0,ADEQUATE
SKU_21,WH_5,19.98,0.16,8,322,0.77,159.84,160.6,-161.4,0.0,ADEQUATE
SKU_22,WH_1,20.82,0.19,4,476,0.62,83.27,83.89,-392.11,0.0,ADEQUATE
SKU_22,WH_2,18.0,0.13,7,536,0.57,125.98,126.55,-409.45,0.0,ADEQUATE
SKU_22,WH_3,17.93,0.27,4,430,0.9,71.71,72.61,-357.39,0.0,ADEQUATE
SKU_22,WH_4,21.1,0.22,11,611,1.23,232.08,233.31,-377.69,0.0,ADEQUATE
SKU_22,WH_5,16.38,0.11,4,594,0.35,65.51,65.86,-528.14,0.0,ADEQUATE
SKU_23,WH_1,25.38,0.15,8,271,0.69,203.06,203.75,-67.25,0.0,ADEQUATE
SKU_23,WH_2,14.14,0.15,12,413,0.85,169.73,170.59,-242.41,0.0,ADEQUATE
SKU_23,WH_3,13.72,0.16,5,376,0.6,68.6,69.19,-306.81,0.0,ADEQUATE
SKU_23,WH_4,13.08,0.17,14,396,1.04,183.19,184.23,-211.77,0.0,ADEQUATE
SKU_23,WH_5,21.16,0.26,3,602,0.75,63.47,64.22,-537.78,0.0,ADEQUATE
SKU_24,WH_1,26.6,0.2,2,300,0.46,53.2,53.66,-246.34,0.0,ADEQUATE
SKU_24,WH_2,22.4,0.18,5,377,0.65,112.0,112.65,-264.35,0.0,ADEQUATE
SKU_24,WH_3,19.88,0.23,10,425,1.21,198.77,199.98,-225.02,0.0,ADEQUATE
SKU_24,WH_4,14.63,0.11,13,321,0.63,190.14,190.77,-130.23,0.0,ADEQUATE
SKU_24,WH_5,22.17,0.13,7,523,0.58,155.19,155.77,-367.23,0.0,ADEQUATE
SKU_25,WH_1,24.85,0.13,5,595,0.47,124.26,124.73,-470.27,0.0,ADEQUATE
SKU_25,WH_2,15.44,0.25,3,801,0.71,46.31,47.01,-753.99,0.0,ADEQUATE
SKU_25,WH_3,26.59,0.19,7,252,0.82,186.15,186.97,-65.03,0.0,ADEQUATE
SKU_25,WH_4,18.91,0.19,9,375,0.92,170.16,171.09,-203.91,0.0,ADEQUATE
SKU_25,WH_5,19.98,0.16,7,373,0.72,139.87,140.59,-232.41,0.0,ADEQUATE
SKU_26,WH_1,13.62,0.22,2,483,0.52,27.24,27.76,-455.24,0.0,ADEQUATE
SKU_26,WH_2,25.96,0.16,5,434,0.59,129.78,130.37,-303.63,0.0,ADEQUATE
SKU_26,WH_3,15.72,0.48,14,508,2.96,220.1,223.06,-284.94,0.0,ADEQUATE
SKU_26,WH_4,25.89,0.34,14,509,2.1,362.46,364.56,-144.44,0.0,ADEQUATE
SKU_26,WH_5,32.83,0.31,4,399,1.03,131.34,132.37,-266.63,0.0,ADEQUATE
SKU_27,WH_1,21.9,0.17,2,673,0.41,43.8,44.2,-628.8,0.0,ADEQUATE
SKU_27,WH_2,16.14,0.1,4,464,0.34,64.56,64.9,-399.1,0.0,ADEQUATE
SKU_27,WH_3,41.31,0.46,3,568,1.32,123.93,125.25,-442.75,0.0,ADEQUATE
SKU_27,WH_4,25.51,0.19,14,315,1.16,357.21,358.37,43.37,43.37,REORDER
SKU_27,WH_5,12.84,0.14,2,467,0.32,25.69,26.0,-441.0,0.0,ADEQUATE
SKU_28,WH_1,19.45,0.34,10,645,1.78,194.55,196.32,-448.68,0.0,ADEQUATE
SKU_28,WH_2,14.89,0.13,2,547,0.3,29.79,30.09,-516.91,0.0,ADEQUATE
SKU_28,WH_3,21.86,0.17,10,575,0.87,218.6,219.47,-355.53,0.0,ADEQUATE
SKU_28,WH_4,16.99,0.16,3,614,0.47,50.97,51.44,-562.56,0.0,ADEQUATE
SKU_28,WH_5,19.07,0.24,12,469,1.35,228.87,230.22,-238.78,0.0,ADEQUATE
SKU_29,WH_1,22.0,0.29,5,327,1.07,110.0,111.07,-215.93,0.0,ADEQUATE
SKU_29,WH_2,34.83,0.23,14,402,1.42,487.69,489.1,87.1,87.1,REORDER
SKU_29,WH_3,26.09,0.4,3,505,1.15,78.26,79.41,-425.59,0.0,ADEQUATE
SKU_29,WH_4,20.86,0.19,14,570,1.16,292.07,293.23,-276.77,0.0,ADEQUATE
SKU_29,WH_5,30.91,0.25,11,474,1.35,340.0,341.35,-132.65,0.0,ADEQUATE
SKU_3,WH_1,21.82,0.15,14,367,0.9,305.42,306.32,-60.68,0.0,ADEQUATE
SKU_3,WH_2,12.82,0.09,13,419,0.56,166.62,167.19,-251.81,0.0,ADEQUATE
SKU_3,WH_3,21.06,0.24,9,275,1.17,189.54,190.71,-84.29,0.0,ADEQUATE
SKU_3,WH_4,20.11,0.22,10,580,1.15,201.07,202.22,-377.78,0.0,ADEQUATE
SKU_3,WH_5,26.91,0.14,7,427,0.6,188.39,189.0,-238.0,0.0,ADEQUATE
SKU_30,WH_1,23.01,0.1,3,536,0.3,69.04,69.34,-466.66,0.0,ADEQUATE
SKU_30,WH_2,19.01,0.21,12,335,1.22,228.16,229.38,-105.62,0.0,ADEQUATE
SKU_30,WH_3,15.85,0.07,4,575,0.23,63.39,63.63,-511.37,0.0,ADEQUATE
SKU_30,WH_4,11.52,0.19,7,368,0.81,80.62,81.43,-286.57,0.0,ADEQUATE
SKU_30,WH_5,22.02,0.13,2,394,0.3,44.04,44.34,-349.66,0.0,ADEQUATE
SKU_31,WH_1,20.31,0.25,8,299,1.17,162.49,163.66,-135.34,0.0,ADEQUATE
SKU_31,WH_2,28.01,0.5,2,693,1.17,56.03,57.2,-635.8,0.0,ADEQUATE
SKU_31,WH_3,14.08,0.23,12,469,1.3,168.96,170.26,-298.74,0.0,ADEQUATE
SKU_31,WH_4,18.14,0.24,3,521,0.69,54.43,55.12,-465.88,0.0,ADEQUATE
SKU_31,WH_5,24.36,0.22,4,415,0.73,97.45,98.17,-316.83,0.0,ADEQUATE
SKU_32,WH_1,22.18,0.14,6,623,0.56,133.05,133.62,-489.38,0.0,ADEQUATE
SKU_32,WH_2,25.81,0.16,2,495,0.36,51.61,51.97,-443.03,0.0,ADEQUATE
SKU_32,WH_3,21.28,0.19,6,263,0.79,127.69,128.47,-134.53,0.0,ADEQUATE
SKU_32,WH_4,17.14,0.16,2,555,0.36,34.28,34.65,-520.35,0.0,ADEQUATE
SKU_32,WH_5,13.01,0.13,9,402,0.63,117.06,117.69,-284.31,0.0,ADEQUATE
SKU_33,WH_1,20.77,0.22,9,357,1.08,186.91,187.99,-169.01,0.0,ADEQUATE
SKU_33,WH_2,18.04,0.19,7,737,0.81,126.25,127.05,-609.95,0.0,ADEQUATE
SKU_33,WH_3,13.52,0.18,13,514,1.06,175.82,176.88,-337.12,0.0,ADEQUATE
SKU_33,WH_4,19.83,0.15,3,541,0.44,59.49,59.94,-481.06,0.0,ADEQUATE
SKU_33,WH_5,15.9,0.17,7,258,0.75,111.32,112.07,-145.93,0.0,ADEQUATE
SKU_34,WH_1,20.06,0.21,4,480,0.68,80.26,80.93,-399.07,0.0,ADEQUATE
SKU_34,WH_2,13.58,0.19,5,275,0.71,67.9,68.61,-206.39,0.0,ADEQUATE
SKU_34,WH_3,15.85,0.13,13,640,0.79,206.0,206.79,-433.21,0.0,ADEQUATE
SKU_34,WH_4,13.69,0.3,2,279,0.69,27.38,28.07,-250.93,0.0,ADEQUATE
SKU_34,WH_5,20.95,0.23,4,359,0.75,83.82,84.56,-274.44,0.0,ADEQUATE
SKU_35,WH_1,18.79,0.31,11,390,1.7,206.71,208.41,-181.59,0.0,ADEQUATE
SKU_35,WH_2,13.56,0.1,12,613,0.58,162.72,163.3,-449.7,0.0,ADEQUATE
SKU_35,WH_3,17.96,0.16,7,330,0.69,125.69,126.38,-203.62,0.0,ADEQUATE
SKU_35,WH_4,19.87,0.27,2,231,0.64,39.74,40.38,-190.62,0.0,ADEQUATE
SKU_35,WH_5,6.88,0.29,2,382,0.68,13.77,14.45,-367.55,0.0,ADEQUATE
SKU_36,WH_1,28.62,0.14,12,386,0.83,343.41,344.24,-41.76,0.0,ADEQUATE
SKU_36,WH_2,17.01,0.23,10,462,1.19,170.06,171.25,-290.75,0.0,ADEQUATE
SKU_36,WH_3,20.14,0.16,12,313,0.9,241.7,242.6,-70.4,0.0,ADEQUATE
SKU_36,WH_4,21.69,0.1,11,369,0.57,238.64,239.21,-129.79,0.0,ADEQUATE
SKU_36,WH_5,17.12,0.16,12,517,0.92,205.46,206.38,-310.62,0.0,ADEQUATE
SKU_37,WH_1,23.7,0.15,3,332,0.44,71.1,71.54,-260.46,0.0,ADEQUATE
SKU_37,WH_2,19.57,0.19,14,374,1.19,273.93,275.12,-98.88,0.0,ADEQUATE
SKU_37,WH_3,34.25,0.17,3,387,0.48,102.75,103.24,-283.76,0.0,ADEQUATE
SKU_37,WH_4,24.72,0.18,13,426,1.07,321.38,322.45,-103.55,0.0,ADEQUATE
SKU_37,WH_5,16.41,0.33,3,234,0.95,49.23,50.18,-183.82,0.0,ADEQUATE
SKU_38,WH_1,22.91,0.16,8,371,0.76,183.31,184.07,-186.93,0.0,ADEQUATE
SKU_38,WH_2,15.81,0.15,14,510,0.91,221.34,222.24,-287.76,0.0,ADEQUATE
SKU_38,WH_3,19.26,0.23,8,469,1.06,154.06,155.12,-313.88,0.0,ADEQUATE
SKU_38,WH_4,13.46,0.12,13,378,0.72,174.96,175.68,-202.32,0.0,ADEQUATE
SKU_38,WH_5,23.97,0.19,13,475,1.13,311.66,312.79,-162.21,0.0,ADEQUATE
SKU_39,WH_1,22.01,0.18,10,388,0.92,220.05,220.98,-167.02,0.0,ADEQUATE
SKU_39,WH_2,16.05,0.22,8,684,1.02,128.4,129.42,-554.58,0.0,ADEQUATE
SKU_39,WH_3,28.43,0.12,4,587,0.39,113.71,114.1,-472.9,0.0,ADEQUATE
SKU_39,WH_4,18.55,0.24,11,444,1.33,204.09,205.42,-238.58,0.0,ADEQUATE
SKU_39,WH_5,14.86,0.1,4,512,0.35,59.44,59.79,-452.21,0.0,ADEQUATE
SKU_4,WH_1,22.07,0.18,11,417,0.96,242.82,243.78,-173.22,0.0,ADEQUATE
SKU_4,WH_2,23.22,0.22,13,606,1.28,301.86,303.14,-302.86,0.0,ADEQUATE
SKU_4,WH_3,18.26,0.13,7,596,0.58,127.82,128.4,-467.6,0.0,ADEQUATE
SKU_4,WH_4,22.75,0.12,12,412,0.68,273.03,273.71,-138.29,0.0,ADEQUATE
SKU_4,WH_5,23.14,0.12,8,638,0.56,185.11,185.68,-452.32,0.0,ADEQUATE
SKU_40,WH_1,22.92,0.13,2,365,0.3,45.84,46.13,-318.87,0.0,ADEQUATE
SKU_40,WH_2,17.52,0.19,14,560,1.14,245.27,246.41,-313.59,0.0,ADEQUATE
SKU_40,WH_3,27.11,0.1,7,387,0.46,189.79,190.25,-196.75,0.0,ADEQUATE
SKU_40,WH_4,23.95,0.16,5,395,0.61,119.74,120.35,-274.65,0.0,ADEQUATE
SKU_40,WH_5,31.11,0.15,8,580,0.68,248.86,249.54,-330.46,0.0,ADEQUATE
SKU_41,WH_1,23.41,0.15,12,363,0.84,280.87,281.71,-81.29,0.0,ADEQUATE
SKU_41,WH_2,18.13,0.29,14,616,1.8,253.81,255.61,-360.39,0.0,ADEQUATE
SKU_41,WH_3,20.63,0.12,13,463,0.7,268.15,268.84,-194.16,0.0,ADEQUATE
SKU_41,WH_4,19.6,0.16,13,553,0.93,254.8,255.73,-297.27,0.0,ADEQUATE
SKU_41,WH_5,8.78,0.29,4,564,0.97,35.12,36.1,-527.9,0.0,ADEQUATE
SKU_42,WH_1,14.99,0.32,9,191,1.57,134.9,136.46,-54.54,0.0,ADEQUATE
SKU_42,WH_2,18.84,0.25,5,736,0.93,94.21,95.14,-640.86,0.0,ADEQUATE
SKU_42,WH_3,15.93,0.12,12,630,0.68,191.13,191.81,-438.19,0.0,ADEQUATE
SKU_42,WH_4,23.9,0.14,10,519,0.71,239.03,239.74,-279.26,0.0,ADEQUATE
SKU_42,WH_5,10.41,0.23,6,316,0.95,62.45,63.4,-252.6,0.0,ADEQUATE
SKU_43,WH_1,15.2,0.14,12,414,0.79,182.45,183.24,-230.76,0.0,ADEQUATE
SKU_43,WH_2,20.14,0.15,12,526,0.87,241.68,242.54,-283.46,0.0,ADEQUATE
SKU_43,WH_3,14.24,0.13,7,385,0.57,99.71,100.28,-284.72,0.0,ADEQUATE
SKU_43,WH_4,18.25,0.19,7,606,0.84,127.78,128.62,-477.38,0.0,ADEQUATE
SKU_43,WH_5,17.04,0.12,14,454,0.77,238.6,239.37,-214.63,0.0,ADEQUATE
SKU_44,WH_1,27.84,0.15,7,426,0.66,194.87,195.53,-230.47,0.0,ADEQUATE
SKU_44,WH_2,17.82,0.22,2,327,0.52,35.65,36.17,-290.83,0.0,ADEQUATE
SKU_44,WH_3,17.3,0.4,13,200,2.39,224.96,227.35,27.35,27.35,REORDER
SKU_44,WH_4,18.0,0.39,12,302,2.23,215.95,218.18,-83.82,0.0,ADEQUATE
SKU_44,WH_5,22.94,0.18,4,567,0.59,91.77,92.36,-474.64,0.0,ADEQUATE
SKU_45,WH_1,13.31,0.09,8,386,0.43,106.52,106.95,-279.05,0.0,ADEQUATE
SKU_45,WH_2,29.03,0.13,7,386,0.56,203.2,203.76,-182.24,0.0,ADEQUATE
SKU_45,WH_3,16.96,0.17,9,578,0.86,152.65,153.51,-424.49,0.0,ADEQUATE
SKU_45,WH_4,22.85,0.15,3,583,0.43,68.56,68.99,-514.01,0.0,ADEQUATE
SKU_45,WH_5,11.81,0.22,3,458,0.62,35.42,36.03,-421.97,0.0,ADEQUATE
SKU_46,WH_1,17.42,0.21,10,533,1.1,174.19,175.28,-357.72,0.0,ADEQUATE
SKU_46,WH_2,20.1,0.17,7,620,0.74,140.73,141.47,-478.53,0.0,ADEQUATE
SKU_46,WH_3,18.07,0.14,11,344,0.79,198.82,199.61,-144.39,0.0,ADEQUATE
SKU_46,WH_4,19.11,0.21,12,596,1.21,229.31,230.52,-365.48,0.0,ADEQUATE
SKU_46,WH_5,16.82,0.14,2,297,0.32,33.65,33.97,-263.03,0.0,ADEQUATE
SKU_47,WH_1,18.23,0.17,9,571,0.86,164.03,164.89,-406.11,0.0,ADEQUATE
SKU_47,WH_2,22.95,0.13,11,457,0.71,252.47,253.18,-203.82,0.0,ADEQUATE
SKU_47,WH_3,26.03,0.21,10,468,1.08,260.34,261.41,-206.59,0.0,ADEQUATE
SKU_47,WH_4,20.39,0.27,5,329,1.01,101.94,102.95,-226.05,0.0,ADEQUATE
SKU_47,WH_5,25.97,0.18,8,595,0.84,207.78,208.61,-386.39,0.0,ADEQUATE
SKU_48,WH_1,21.98,0.22,2,329,0.51,43.96,44.47,-284.53,0.0,ADEQUATE
SKU_48,WH_2,12.03,0.07,8,527,0.33,96.27,96.6,-430.4,0.0,ADEQUATE
SKU_48,WH_3,23.11,0.1,11,660,0.57,254.16,254.72,-405.28,0.0,ADEQUATE
SKU_48,WH_4,25.4,0.12,12,486,0.71,304.77,305.47,-180.53,0.0,ADEQUATE
SKU_48,WH_5,23.54,0.13,11,369,0.73,258.92,259.65,-109.35,0.0,ADEQUATE
SKU_49,WH_1,17.13,0.22,6,599,0.88,102.78,103.65,-495.35,0.0,ADEQUATE
SKU_49,WH_2,17.56,0.15,6,558,0.61,105.36,105.97,-452.03,0.0,ADEQUATE
SKU_49,WH_3,28.54,0.28,12,385,1.63,342.44,344.07,-40.93,0.0,ADEQUATE
SKU_49,WH_4,13.37,0.12,14,422,0.73,187.12,187.85,-234.15,0.0,ADEQUATE
SKU_49,WH_5,18.31,0.19,4,441,0.62,73.25,73.87,-367.13,0.0,ADEQUATE
SKU_5,WH_1,19.75,0.16,4,565,0.54,79.02,79.56,-485.44,0.0,ADEQUATE
SKU_5,WH_2,18.76,0.24,2,293,0.55,37.52,38.07,-254.93,0.0,ADEQUATE
SKU_5,WH_3,24.55,0.12,11,321,0.64,270.1,270.74,-50.26,0.0,ADEQUATE
SKU_5,WH_4,18.77,0.4,14,331,2.46,262.77,265.22,-65.78,0.0,ADEQUATE
SKU_5,WH_5,24.65,0.11,10,311,0.57,246.54,247.11,-63.89,0.0,ADEQUATE
SKU_50,WH_1,18.33,0.15,10,609,0.8,183.31,184.11,-424.89,0.0,ADEQUATE
SKU_50,WH_2,24.03,0.2,3,275,0.57,72.09,72.66,-202.34,0.0,ADEQUATE
SKU_50,WH_3,14.79,0.27,11,369,1.45,162.67,164.12,-204.88,0.0,ADEQUATE
SKU_50,WH_4,24.11,0.2,14,236,1.24,337.57,338.81,102.81,102.81,REORDER
SKU_50,WH_5,15.91,0.42,7,275,1.85,111.34,113.19,-161.81,0.0,ADEQUATE
SKU_6,WH_1,20.83,0.26,9,464,1.31,187.45,188.76,-275.24,0.0,ADEQUATE
SKU_6,WH_2,22.17,0.3,14,452,1.88,310.41,312.28,-139.72,0.0,ADEQUATE
SKU_6,WH_3,20.04,0.17,10,761,0.88,200.37,201.25,-559.75,0.0,ADEQUATE
SKU_6,WH_4,23.6,0.12,11,329,0.66,259.64,260.29,-68.71,0.0,ADEQUATE
SKU_6,WH_5,16.15,0.12,3,509,0.35,48.44,48.79,-460.21,0.0,ADEQUATE
SKU_7,WH_1,19.87,0.2,3,582,0.56,59.62,60.18,-521.82,0.0,ADEQUATE
SKU_7,WH_2,19.53,0.22,5,494,0.81,97.66,98.47,-395.53,0.0,ADEQUATE
SKU_7,WH_3,23.53,0.22,3,657,0.63,70.59,71.22,-585.78,0.0,ADEQUATE
SKU_7,WH_4,15.32,0.13,4,675,0.42,61.29,61.71,-613.29,0.0,ADEQUATE
SKU_7,WH_5,24.64,0.08,8,348,0.37,197.15,197.52,-150.48,0.0,ADEQUATE
SKU_8,WH_1,14.88,0.14,13,452,0.83,193.44,194.27,-257.73,0.0,ADEQUATE
SKU_8,WH_2,23.32,0.11,10,472,0.6,233.15,233.75,-238.25,0.0,ADEQUATE
SKU_8,WH_3,32.89,0.29,4,342,0.95,131.56,132.51,-209.49,0.0,ADEQUATE
SKU_8,WH_4,19.44,0.14,7,598,0.61,136.08,136.68,-461.32,0.0,ADEQUATE
SKU_8,WH_5,11.85,0.17,5,531,0.64,59.24,59.87,-471.13,0.0,ADEQUATE
SKU_9,WH_1,16.7,0.18,11,336,0.97,183.75,184.72,-151.28,0.0,ADEQUATE
SKU_9,WH_2,22.37,0.24,12,397,1.35,268.48,269.84,-127.16,0.0,ADEQUATE
SKU_9,WH_3,11.98,0.21,14,533,1.28,167.66,168.94,-364.06,0.0,ADEQUATE
SKU_9,WH_4,19.71,0.11,3,396,0.32,59.14,59.47,-336.53,0.0,ADEQUATE
SKU_9,WH_5,20.32,0.18,13,516,1.1,264.15,265.25,-250.75,0.0,ADEQUATE
