SKU_ID,Average_Demand,Peak_Demand,Total_Forecast_Demand
SKU_29,26.938138753333334,35.175175,4040.720813
SKU_40,24.521104506666667,31.3304,3678.165676
SKU_37,23.729536359999997,34.4361,3559.430454
SKU_27,23.5412084,41.84388,3531.18126
SKU_10,23.20537604,33.756126,3480.806406
SKU_12,22.906344873333335,30.086304,3435.951731
SKU_26,22.804003906666665,33.282265,3420.600586
SKU_47,22.71414414,26.350348,3407.121621
SKU_18,22.26541884666667,28.230658,3339.812827
SKU_4,21.889070593333333,23.446804,3283.360589
SKU_5,21.29884418,24.919607,3194.826627
SKU_2,21.224014196666666,29.079243,3183.6021295
SKU_48,21.211121016666667,25.583399,3181.6681525
SKU_25,21.153587260000002,26.845291,3173.038089
SKU_24,21.13430698666667,26.932602,3170.146048
SKU_20,21.076023733333333,23.96431,3161.40356
SKU_31,20.981604133333335,28.512503,3147.24062
SKU_36,20.91636062,28.961987,3137.454093
SKU_44,20.78089438,28.097372,3117.134157
SKU_19,20.68473526,28.823723,3102.710289
SKU_7,20.58035189,24.77795,3087.0527835
SKU_6,20.55711811333333,23.871166,3083.567717
SKU_3,20.5426413,27.118578,3081.396195
SKU_8,20.474626833333335,33.358227,3071.1940250000002
SKU_39,19.979181779999998,28.69875,2996.877267
SKU_14,19.941987060000002,28.49088,2991.298059
SKU_32,19.882061866666668,26.069712,2982.30928
SKU_50,19.433364273333332,24.382467,2915.004641
SKU_21,19.180069053333334,22.789053,2877.010358
SKU_38,19.082720493333333,24.229193,2862.408074
SKU_1,19.077379826666665,29.728605,2861.606974
SKU_49,18.980903376666664,29.11871,2847.1355065
SKU_17,18.95549047333333,29.40605,2843.323571
SKU_22,18.84355743333333,21.468298,2826.533615
SKU_11,18.820383676666665,24.234024,2823.0575515
SKU_45,18.79243466666667,29.267378,2818.8652
SKU_15,18.52910545,21.061045,2779.3658175
SKU_28,18.454126483333333,22.19607,2768.1189725
SKU_46,18.30602806,20.374863,2745.904209
SKU_30,18.28246425,23.273607,2742.3696375
SKU_9,18.217551033333333,22.76857,2732.632655
SKU_41,18.108554276666666,23.644924,2716.2831415
SKU_13,17.86905718,25.053982,2680.358577
SKU_33,17.612218523333333,21.177525,2641.8327785
SKU_23,17.49772726,25.681587,2624.659089
SKU_16,17.360167835333336,23.555368,2604.0251753000002
SKU_43,16.977158839999998,20.395596,2546.573826
SKU_34,16.827076353333332,21.21907,2524.061453
SKU_42,16.81402482,24.145638,2522.103723
SKU_35,15.412266564000001,20.29396,2311.8399846
