SKU_ID,Warehouse_ID,Average_Daily_Demand,Demand_Std,Supplier_Lead_Time_Days,Inventory_Level,Safety_Stock,Lead_Time_Demand,Optimized_Reorder_Point,Inventory_Gap,Recommended_Order,Inventory_Status,Forecast_Average_Demand,Forecast_Peak_Demand,Days_of_Cover,Demand_Gap,Potential_Stockout,Excess_Inventory
SKU_1,WH_1,22.98,0.11,14,624,0.71,321.68,322.39,-301.61,0.0,OPTIMAL,22.98,23.18,27.16,-600.82,False,301.61
SKU_1,WH_2,13.78,0.14,8,363,0.67,110.24,110.91,-252.09,0.0,OPTIMAL,13.78,13.96,26.34,-349.04,False,252.09
SKU_1,WH_3,18.85,0.26,6,435,1.07,113.1,114.17,-320.83,0.0,OPTIMAL,18.85,19.32,23.08,-415.68,False,320.83
SKU_1,WH_4,10.45,0.14,9,441,0.7,94.02,94.72,-346.28,0.0,OVERSTOCK,10.45,10.69,42.22,-430.31,False,346.28
SKU_1,WH_5,29.33,0.24,4,570,0.78,117.33,118.12,-451.88,0.0,OPTIMAL,29.33,29.73,19.43,-540.27,False,451.88
SKU_10,WH_1,19.12,0.21,13,503,1.27,248.62,249.89,-253.11,0.0,OPTIMAL,19.12,19.44,26.3,-483.56,False,253.11
SKU_10,WH_2,22.95,0.15,10,443,0.79,229.52,230.31,-212.69,0.0,OPTIMAL,22.95,23.18,19.3,-419.82,False,212.69
SKU_10,WH_3,14.25,0.21,5,572,0.76,71.25,72.01,-499.99,0.0,OVERSTOCK,14.25,14.42,40.14,-557.58,False,499.99
SKU_10,WH_4,26.67,0.17,14,414,1.04,373.37,374.41,-39.59,0.0,OPTIMAL,26.67,26.92,15.52,-387.08,False,39.59
SKU_10,WH_5,33.03,0.26,9,352,1.27,297.28,298.55,-53.45,0.0,OPTIMAL,33.03,33.76,10.66,-318.24,False,53.45
SKU_11,WH_1,15.63,0.3,4,758,0.99,62.52,63.51,-694.49,0.0,OVERSTOCK,15.63,16.01,48.5,-741.99,False,694.49
SKU_11,WH_2,23.84,0.25,4,291,0.82,95.35,96.17,-194.83,0.0,OPTIMAL,23.84,24.23,12.21,-266.77,False,194.83
SKU_11,WH_3,14.69,0.13,13,370,0.78,190.95,191.72,-178.28,0.0,OPTIMAL,14.69,14.88,25.19,-355.12,False,178.28
SKU_11,WH_4,17.69,0.28,2,585,0.65,35.37,36.02,-548.98,0.0,OVERSTOCK,17.69,18.16,33.08,-566.84,False,548.98
SKU_11,WH_5,22.26,0.25,3,673,0.73,66.78,67.51,-605.49,0.0,OVERSTOCK,22.26,22.67,30.23,-650.33,False,605.49
SKU_12,WH_1,29.74,0.27,5,304,1.01,148.68,149.69,-154.31,0.0,OPTIMAL,29.74,30.09,10.22,-273.91,False,154.31
SKU_12,WH_2,19.19,0.22,6,609,0.89,115.14,116.02,-492.98,0.0,OVERSTOCK,19.19,19.56,31.74,-589.44,False,492.98
SKU_12,WH_3,25.8,0.25,6,263,1.01,154.81,155.83,-107.17,0.0,OPTIMAL,25.8,26.17,10.19,-236.83,False,107.17
SKU_12,WH_4,21.99,0.14,12,537,0.78,263.94,264.71,-272.29,0.0,OPTIMAL,21.99,22.25,24.41,-514.75,False,272.29
SKU_12,WH_5,17.81,0.18,6,371,0.71,106.86,107.57,-263.43,0.0,OPTIMAL,17.81,18.06,20.83,-352.94,False,263.43
SKU_13,WH_1,24.81,0.18,9,442,0.91,223.26,224.17,-217.83,0.0,OPTIMAL,24.81,25.05,17.82,-416.95,False,217.83
SKU_13,WH_2,14.02,0.18,11,559,1.0,154.17,155.17,-403.83,0.0,OVERSTOCK,14.02,14.31,39.88,-544.69,False,403.83
SKU_13,WH_3,11.62,0.15,14,511,0.95,162.74,163.69,-347.31,0.0,OVERSTOCK,11.62,11.9,43.96,-499.1,False,347.31
SKU_13,WH_4,18.07,0.16,10,352,0.82,180.69,181.51,-170.49,0.0,OPTIMAL,18.07,18.31,19.48,-333.69,False,170.49
SKU_13,WH_5,20.83,0.17,7,576,0.72,145.81,146.53,-429.47,0.0,OPTIMAL,20.83,21.11,27.65,-554.89,False,429.47
SKU_14,WH_1,20.11,0.18,11,457,0.96,221.16,222.12,-234.88,0.0,OPTIMAL,20.11,20.35,22.73,-436.65,False,234.88
SKU_14,WH_2,13.87,0.21,14,506,1.27,194.12,195.39,-310.61,0.0,OVERSTOCK,13.87,14.19,36.49,-491.81,False,310.61
SKU_14,WH_3,22.78,0.16,3,457,0.46,68.35,68.81,-388.19,0.0,OPTIMAL,22.78,23.03,20.06,-433.97,False,388.19
SKU_14,WH_4,27.86,0.19,10,514,0.97,278.58,279.56,-234.44,0.0,OPTIMAL,27.86,28.49,18.45,-485.51,False,234.44
SKU_14,WH_5,15.1,0.1,6,558,0.41,90.57,90.99,-467.01,0.0,OVERSTOCK,15.1,15.26,36.96,-542.74,False,467.01
SKU_15,WH_1,18.16,0.15,13,340,0.9,236.12,237.02,-102.98,0.0,OPTIMAL,18.16,18.3,18.72,-321.7,False,102.98
SKU_15,WH_2,18.28,0.21,8,491,0.96,146.25,147.2,-343.8,0.0,OPTIMAL,18.28,18.62,26.86,-472.38,False,343.8
SKU_15,WH_3,20.38,0.27,7,294,1.19,142.64,143.83,-150.17,0.0,OPTIMAL,20.38,20.83,14.43,-273.17,False,150.17
SKU_15,WH_4,20.78,0.15,5,363,0.57,103.88,104.45,-258.55,0.0,OPTIMAL,20.78,21.06,17.47,-341.94,False,258.55
SKU_15,WH_5,15.05,0.11,14,470,0.68,210.7,211.38,-258.62,0.0,OVERSTOCK,15.05,15.29,31.23,-454.71,False,258.62
SKU_16,WH_1,18.0,0.2,14,466,1.22,252.05,253.27,-212.73,0.0,OPTIMAL,18.0,18.35,25.88,-447.65,False,212.73
SKU_16,WH_2,23.23,0.16,11,709,0.89,255.54,256.43,-452.57,0.0,OVERSTOCK,23.23,23.56,30.52,-685.44,False,452.57
SKU_16,WH_3,23.08,0.18,6,406,0.74,138.47,139.21,-266.79,0.0,OPTIMAL,23.08,23.52,17.59,-382.48,False,266.79
SKU_16,WH_4,5.42,0.21,4,610,0.71,21.67,22.38,-587.62,0.0,OVERSTOCK,5.42,5.79,112.61,-604.21,False,587.62
SKU_16,WH_5,17.07,0.2,2,433,0.47,34.14,34.61,-398.39,0.0,OPTIMAL,17.07,17.48,25.37,-415.52,False,398.39
SKU_17,WH_1,12.0,0.13,10,500,0.7,119.97,120.67,-379.33,0.0,OVERSTOCK,12.0,12.23,41.68,-487.77,False,379.33
SKU_17,WH_2,18.09,0.23,13,505,1.35,235.22,236.58,-268.42,0.0,OPTIMAL,18.09,18.52,27.91,-486.48,False,268.42
SKU_17,WH_3,29.07,0.17,3,574,0.49,87.22,87.72,-486.28,0.0,OPTIMAL,29.07,29.41,19.74,-544.59,False,486.28
SKU_17,WH_4,15.64,0.15,5,362,0.55,78.2,78.75,-283.25,0.0,OPTIMAL,15.64,15.94,23.14,-346.06,False,283.25
SKU_17,WH_5,19.97,0.21,8,334,1.0,159.77,160.76,-173.24,0.0,OPTIMAL,19.97,20.33,16.72,-313.67,False,173.24
SKU_18,WH_1,27.93,0.17,2,407,0.4,55.86,56.27,-350.73,0.0,OPTIMAL,27.93,28.23,14.57,-378.77,False,350.73
SKU_18,WH_2,22.86,0.18,10,272,0.94,228.57,229.51,-42.49,0.0,OPTIMAL,22.86,23.19,11.9,-248.81,False,42.49
SKU_18,WH_3,19.3,0.32,9,442,1.56,173.74,175.3,-266.7,0.0,OPTIMAL,19.3,19.82,22.9,-422.18,False,266.7
SKU_18,WH_4,17.13,0.2,6,339,0.83,102.78,103.61,-235.39,0.0,OPTIMAL,17.13,17.38,19.79,-321.62,False,235.39
SKU_18,WH_5,24.1,0.13,13,766,0.8,313.35,314.15,-451.85,0.0,OVERSTOCK,24.1,24.33,31.78,-741.67,False,451.85
SKU_19,WH_1,19.45,0.2,8,346,0.93,155.57,156.5,-189.5,0.0,OPTIMAL,19.45,19.68,17.79,-326.32,False,189.5
SKU_19,WH_2,18.66,0.24,8,470,1.11,149.28,150.39,-319.61,0.0,OPTIMAL,18.66,19.0,25.19,-451.0,False,319.61
SKU_19,WH_3,20.99,0.22,4,278,0.72,83.97,84.69,-193.31,0.0,OPTIMAL,20.99,21.36,13.24,-256.64,False,193.31
SKU_19,WH_4,28.1,0.23,4,343,0.76,112.39,113.15,-229.85,0.0,OPTIMAL,28.1,28.82,12.21,-314.18,False,229.85
SKU_19,WH_5,16.23,0.15,7,604,0.67,113.6,114.26,-489.74,0.0,OVERSTOCK,16.23,16.46,37.22,-587.54,False,489.74
SKU_2,WH_1,25.06,0.29,13,271,1.73,325.72,327.45,56.45,56.45,OPTIMAL,25.06,25.52,10.82,-245.48,False,0.0
SKU_2,WH_2,17.46,0.15,8,497,0.71,139.72,140.43,-356.57,0.0,OPTIMAL,17.46,17.69,28.46,-479.31,False,356.57
SKU_2,WH_3,20.75,0.29,10,299,1.52,207.52,209.03,-89.97,0.0,OPTIMAL,20.75,21.38,14.41,-277.62,False,89.97
SKU_2,WH_4,13.99,0.13,6,389,0.53,83.96,84.49,-304.51,0.0,OPTIMAL,13.99,14.2,27.8,-374.8,False,304.51
SKU_2,WH_5,28.86,0.11,14,490,0.7,403.98,404.68,-85.32,0.0,OPTIMAL,28.86,29.08,16.98,-460.92,False,85.32
SKU_20,WH_1,20.94,0.15,9,452,0.75,188.5,189.25,-262.75,0.0,OPTIMAL,20.94,21.17,21.58,-430.83,False,262.75
SKU_20,WH_2,23.6,0.2,9,544,1.0,212.42,213.42,-330.58,0.0,OPTIMAL,23.6,23.96,23.05,-520.04,False,330.58
SKU_20,WH_3,23.72,0.1,3,433,0.29,71.16,71.45,-361.55,0.0,OPTIMAL,23.72,23.93,18.26,-409.07,False,361.55
SKU_20,WH_4,17.05,0.15,2,344,0.35,34.1,34.45,-309.55,0.0,OPTIMAL,17.05,17.34,20.18,-326.66,False,309.55
SKU_20,WH_5,20.07,0.17,2,447,0.41,40.13,40.54,-406.46,0.0,OPTIMAL,20.07,20.26,22.28,-426.74,False,406.46
SKU_21,WH_1,22.37,0.25,11,339,1.35,246.08,247.43,-91.57,0.0,OPTIMAL,22.37,22.79,15.15,-316.21,False,91.57
SKU_21,WH_2,18.03,0.14,7,372,0.62,126.22,126.85,-245.15,0.0,OPTIMAL,18.03,18.28,20.63,-353.72,False,245.15
SKU_21,WH_3,13.13,0.23,10,278,1.18,131.33,132.51,-145.49,0.0,OPTIMAL,13.13,13.37,21.17,-264.63,False,145.49
SKU_21,WH_4,22.38,0.27,8,478,1.24,179.07,180.31,-297.69,0.0,OPTIMAL,22.38,22.66,21.35,-455.34,False,297.69
SKU_21,WH_5,19.98,0.16,8,322,0.77,159.84,160.6,-161.4,0.0,OPTIMAL,19.98,20.21,16.12,-301.79,False,161.4
SKU_22,WH_1,20.82,0.19,4,476,0.62,83.27,83.89,-392.11,0.0,OPTIMAL,20.82,21.17,22.87,-454.83,False,392.11
SKU_22,WH_2,18.0,0.13,7,536,0.57,125.98,126.55,-409.45,0.0,OPTIMAL,18.0,18.29,29.78,-517.71,False,409.45
SKU_22,WH_3,17.93,0.27,4,430,0.9,71.71,72.61,-357.39,0.0,OPTIMAL,17.93,18.26,23.99,-411.74,False,357.39
SKU_22,WH_4,21.1,0.22,11,611,1.23,232.08,233.31,-377.69,0.0,OPTIMAL,21.1,21.47,28.96,-589.53,False,377.69
SKU_22,WH_5,16.38,0.11,4,594,0.35,65.51,65.86,-528.14,0.0,OVERSTOCK,16.38,16.58,36.27,-577.42,False,528.14
SKU_23,WH_1,25.38,0.15,8,271,0.69,203.06,203.75,-67.25,0.0,OPTIMAL,25.38,25.68,10.68,-245.32,False,67.25
SKU_23,WH_2,14.14,0.15,12,413,0.85,169.73,170.59,-242.41,0.0,OPTIMAL,14.14,14.37,29.2,-398.63,False,242.41
SKU_23,WH_3,13.72,0.16,5,376,0.6,68.6,69.19,-306.81,0.0,OPTIMAL,13.72,14.02,27.41,-361.98,False,306.81
SKU_23,WH_4,13.08,0.17,14,396,1.04,183.19,184.23,-211.77,0.0,OVERSTOCK,13.08,13.6,30.26,-382.4,False,211.77
SKU_23,WH_5,21.16,0.26,3,602,0.75,63.47,64.22,-537.78,0.0,OPTIMAL,21.16,21.45,28.45,-580.55,False,537.78
SKU_24,WH_1,26.6,0.2,2,300,0.46,53.2,53.66,-246.34,0.0,OPTIMAL,26.6,26.93,11.28,-273.07,False,246.34
SKU_24,WH_2,22.4,0.18,5,377,0.65,112.0,112.65,-264.35,0.0,OPTIMAL,22.4,22.84,16.83,-354.16,False,264.35
SKU_24,WH_3,19.88,0.23,10,425,1.21,198.77,199.98,-225.02,0.0,OPTIMAL,19.88,20.36,21.38,-404.64,False,225.02
SKU_24,WH_4,14.63,0.11,13,321,0.63,190.14,190.77,-130.23,0.0,OPTIMAL,14.63,14.88,21.95,-306.12,False,130.23
SKU_24,WH_5,22.17,0.13,7,523,0.58,155.19,155.77,-367.23,0.0,OPTIMAL,22.17,22.44,23.59,-500.56,False,367.23
SKU_25,WH_1,24.85,0.13,5,595,0.47,124.26,124.73,-470.27,0.0,OPTIMAL,24.85,25.04,23.94,-569.96,False,470.27
SKU_25,WH_2,15.44,0.25,3,801,0.71,46.31,47.01,-753.99,0.0,OVERSTOCK,15.44,15.69,51.89,-785.31,False,753.99
SKU_25,WH_3,26.59,0.19,7,252,0.82,186.15,186.97,-65.03,0.0,OPTIMAL,26.59,26.85,9.48,-225.15,False,65.03
SKU_25,WH_4,18.91,0.19,9,375,0.92,170.16,171.09,-203.91,0.0,OPTIMAL,18.91,19.26,19.83,-355.74,False,203.91
SKU_25,WH_5,19.98,0.16,7,373,0.72,139.87,140.59,-232.41,0.0,OPTIMAL,19.98,20.17,18.67,-352.83,False,232.41
SKU_26,WH_1,13.62,0.22,2,483,0.52,27.24,27.76,-455.24,0.0,OVERSTOCK,13.62,13.94,35.47,-469.06,False,455.24
SKU_26,WH_2,25.96,0.16,5,434,0.59,129.78,130.37,-303.63,0.0,OPTIMAL,25.96,26.18,16.72,-407.82,False,303.63
SKU_26,WH_3,15.72,0.48,14,508,2.96,220.1,223.06,-284.94,0.0,OVERSTOCK,15.72,16.52,32.31,-491.48,False,284.94
SKU_26,WH_4,25.89,0.34,14,509,2.1,362.46,364.56,-144.44,0.0,OPTIMAL,25.89,26.37,19.66,-482.63,False,144.44
SKU_26,WH_5,32.83,0.31,4,399,1.03,131.34,132.37,-266.63,0.0,OPTIMAL,32.83,33.28,12.15,-365.72,False,266.63
SKU_27,WH_1,21.9,0.17,2,673,0.41,43.8,44.2,-628.8,0.0,OVERSTOCK,21.9,22.17,30.73,-650.83,False,628.8
SKU_27,WH_2,16.14,0.1,4,464,0.34,64.56,64.9,-399.1,0.0,OPTIMAL,16.14,16.36,28.75,-447.64,False,399.1
SKU_27,WH_3,41.31,0.46,3,568,1.32,123.93,125.25,-442.75,0.0,OPTIMAL,41.31,41.84,13.75,-526.16,False,442.75
SKU_27,WH_4,25.51,0.19,14,315,1.16,357.21,358.37,43.37,43.37,OPTIMAL,25.51,25.84,12.35,-289.16,False,0.0
SKU_27,WH_5,12.84,0.14,2,467,0.32,25.69,26.0,-441.0,0.0,OVERSTOCK,12.84,13.03,36.36,-453.97,False,441.0
SKU_28,WH_1,19.45,0.34,10,645,1.78,194.55,196.32,-448.68,0.0,OVERSTOCK,19.45,19.85,33.15,-625.15,False,448.68
SKU_28,WH_2,14.89,0.13,2,547,0.3,29.79,30.09,-516.91,0.0,OVERSTOCK,14.89,15.13,36.73,-531.87,False,516.91
SKU_28,WH_3,21.86,0.17,10,575,0.87,218.6,219.47,-355.53,0.0,OPTIMAL,21.86,22.2,26.3,-552.8,False,355.53
SKU_28,WH_4,16.99,0.16,3,614,0.47,50.97,51.44,-562.56,0.0,OVERSTOCK,16.99,17.23,36.14,-596.77,False,562.56
SKU_28,WH_5,19.07,0.24,12,469,1.35,228.87,230.22,-238.78,0.0,OPTIMAL,19.07,19.44,24.59,-449.56,False,238.78
SKU_29,WH_1,22.0,0.29,5,327,1.07,110.0,111.07,-215.93,0.0,OPTIMAL,22.0,22.38,14.86,-304.62,False,215.93
SKU_29,WH_2,34.83,0.23,14,402,1.42,487.69,489.1,87.1,87.1,OPTIMAL,34.83,35.18,11.54,-366.82,False,0.0
SKU_29,WH_3,26.09,0.4,3,505,1.15,78.26,79.41,-425.59,0.0,OPTIMAL,26.09,26.57,19.36,-478.43,False,425.59
SKU_29,WH_4,20.86,0.19,14,570,1.16,292.07,293.23,-276.77,0.0,OPTIMAL,20.86,21.2,27.32,-548.8,False,276.77
SKU_29,WH_5,30.91,0.25,11,474,1.35,340.0,341.35,-132.65,0.0,OPTIMAL,30.91,31.39,15.34,-442.61,False,132.65
SKU_3,WH_1,21.82,0.15,14,367,0.9,305.42,306.32,-60.68,0.0,OPTIMAL,21.82,22.09,16.82,-344.91,False,60.68
SKU_3,WH_2,12.82,0.09,13,419,0.56,166.62,167.19,-251.81,0.0,OVERSTOCK,12.82,12.98,32.69,-406.02,False,251.81
SKU_3,WH_3,21.06,0.24,9,275,1.17,189.54,190.71,-84.29,0.0,OPTIMAL,21.06,21.47,13.06,-253.53,False,84.29
SKU_3,WH_4,20.11,0.22,10,580,1.15,201.07,202.22,-377.78,0.0,OPTIMAL,20.11,20.43,28.85,-559.57,False,377.78
SKU_3,WH_5,26.91,0.14,7,427,0.6,188.39,189.0,-238.0,0.0,OPTIMAL,26.91,27.12,15.87,-399.88,False,238.0
SKU_30,WH_1,23.01,0.1,3,536,0.3,69.04,69.34,-466.66,0.0,OPTIMAL,23.01,23.27,23.29,-512.73,False,466.66
SKU_30,WH_2,19.01,0.21,12,335,1.22,228.16,229.38,-105.62,0.0,OPTIMAL,19.01,19.32,17.62,-315.68,False,105.62
SKU_30,WH_3,15.85,0.07,4,575,0.23,63.39,63.63,-511.37,0.0,OVERSTOCK,15.85,16.02,36.28,-558.98,False,511.37
SKU_30,WH_4,11.52,0.19,7,368,0.81,80.62,81.43,-286.57,0.0,OVERSTOCK,11.52,11.89,31.95,-356.11,False,286.57
SKU_30,WH_5,22.02,0.13,2,394,0.3,44.04,44.34,-349.66,0.0,OPTIMAL,22.02,22.24,17.89,-371.76,False,349.66
SKU_31,WH_1,20.31,0.25,8,299,1.17,162.49,163.66,-135.34,0.0,OPTIMAL,20.31,20.63,14.72,-278.37,False,135.34
SKU_31,WH_2,28.01,0.5,2,693,1.17,56.03,57.2,-635.8,0.0,OPTIMAL,28.01,28.51,24.74,-664.49,False,635.8
SKU_31,WH_3,14.08,0.23,12,469,1.3,168.96,170.26,-298.74,0.0,OVERSTOCK,14.08,14.52,33.31,-454.48,False,298.74
SKU_31,WH_4,18.14,0.24,3,521,0.69,54.43,55.12,-465.88,0.0,OPTIMAL,18.14,18.49,28.72,-502.51,False,465.88
SKU_31,WH_5,24.36,0.22,4,415,0.73,97.45,98.17,-316.83,0.0,OPTIMAL,24.36,24.78,17.04,-390.22,False,316.83
SKU_32,WH_1,22.18,0.14,6,623,0.56,133.05,133.62,-489.38,0.0,OPTIMAL,22.18,22.45,28.09,-600.55,False,489.38
SKU_32,WH_2,25.81,0.16,2,495,0.36,51.61,51.97,-443.03,0.0,OPTIMAL,25.81,26.07,19.18,-468.93,False,443.03
SKU_32,WH_3,21.28,0.19,6,263,0.79,127.69,128.47,-134.53,0.0,OPTIMAL,21.28,21.54,12.36,-241.46,False,134.53
SKU_32,WH_4,17.14,0.16,2,555,0.36,34.28,34.65,-520.35,0.0,OVERSTOCK,17.14,17.41,32.38,-537.59,False,520.35
SKU_32,WH_5,13.01,0.13,9,402,0.63,117.06,117.69,-284.31,0.0,OVERSTOCK,13.01,13.28,30.91,-388.72,False,284.31
SKU_33,WH_1,20.77,0.22,9,357,1.08,186.91,187.99,-169.01,0.0,OPTIMAL,20.77,21.18,17.19,-335.82,False,169.01
SKU_33,WH_2,18.04,0.19,7,737,0.81,126.25,127.05,-609.95,0.0,OVERSTOCK,18.04,18.4,40.86,-718.6,False,609.95
SKU_33,WH_3,13.52,0.18,13,514,1.06,175.82,176.88,-337.12,0.0,OVERSTOCK,13.52,13.84,38.0,-500.16,False,337.12
SKU_33,WH_4,19.83,0.15,3,541,0.44,59.49,59.94,-481.06,0.0,OPTIMAL,19.83,20.07,27.28,-520.93,False,481.06
SKU_33,WH_5,15.9,0.17,7,258,0.75,111.32,112.07,-145.93,0.0,OPTIMAL,15.9,16.18,16.22,-241.82,False,145.93
SKU_34,WH_1,20.06,0.21,4,480,0.68,80.26,80.93,-399.07,0.0,OPTIMAL,20.06,20.41,23.92,-459.59,False,399.07
SKU_34,WH_2,13.58,0.19,5,275,0.71,67.9,68.61,-206.39,0.0,OPTIMAL,13.58,13.88,20.25,-261.12,False,206.39
SKU_34,WH_3,15.85,0.13,13,640,0.79,206.0,206.79,-433.21,0.0,OVERSTOCK,15.85,16.06,40.39,-623.94,False,433.21
SKU_34,WH_4,13.69,0.3,2,279,0.69,27.38,28.07,-250.93,0.0,OPTIMAL,13.69,14.02,20.38,-264.98,False,250.93
SKU_34,WH_5,20.95,0.23,4,359,0.75,83.82,84.56,-274.44,0.0,OPTIMAL,20.95,21.22,17.13,-337.78,False,274.44
SKU_35,WH_1,18.79,0.31,11,390,1.7,206.71,208.41,-181.59,0.0,OPTIMAL,18.79,19.31,20.75,-370.69,False,181.59
SKU_35,WH_2,13.56,0.1,12,613,0.58,162.72,163.3,-449.7,0.0,OVERSTOCK,13.56,13.76,45.21,-599.24,False,449.7
SKU_35,WH_3,17.96,0.16,7,330,0.69,125.69,126.38,-203.62,0.0,OPTIMAL,17.96,18.15,18.38,-311.85,False,203.62
SKU_35,WH_4,19.87,0.27,2,231,0.64,39.74,40.38,-190.62,0.0,OPTIMAL,19.87,20.29,11.63,-210.71,False,190.62
SKU_35,WH_5,6.88,0.29,2,382,0.68,13.77,14.45,-367.55,0.0,OVERSTOCK,6.88,7.46,55.5,-374.54,False,367.55
SKU_36,WH_1,28.62,0.14,12,386,0.83,343.41,344.24,-41.76,0.0,OPTIMAL,28.62,28.96,13.49,-357.04,False,41.76
SKU_36,WH_2,17.01,0.23,10,462,1.19,170.06,171.25,-290.75,0.0,OPTIMAL,17.01,17.35,27.17,-444.65,False,290.75
SKU_36,WH_3,20.14,0.16,12,313,0.9,241.7,242.6,-70.4,0.0,OPTIMAL,20.14,20.43,15.54,-292.57,False,70.4
SKU_36,WH_4,21.69,0.1,11,369,0.57,238.64,239.21,-129.79,0.0,OPTIMAL,21.69,21.92,17.01,-347.08,False,129.79
SKU_36,WH_5,17.12,0.16,12,517,0.92,205.46,206.38,-310.62,0.0,OVERSTOCK,17.12,17.38,30.2,-499.62,False,310.62
SKU_37,WH_1,23.7,0.15,3,332,0.44,71.1,71.54,-260.46,0.0,OPTIMAL,23.7,24.05,14.01,-307.95,False,260.46
SKU_37,WH_2,19.57,0.19,14,374,1.19,273.93,275.12,-98.88,0.0,OPTIMAL,19.57,19.92,19.11,-354.08,False,98.88
SKU_37,WH_3,34.25,0.17,3,387,0.48,102.75,103.24,-283.76,0.0,OPTIMAL,34.25,34.44,11.3,-352.56,False,283.76
SKU_37,WH_4,24.72,0.18,13,426,1.07,321.38,322.45,-103.55,0.0,OPTIMAL,24.72,25.07,17.23,-400.93,False,103.55
SKU_37,WH_5,16.41,0.33,3,234,0.95,49.23,50.18,-183.82,0.0,OPTIMAL,16.41,16.85,14.26,-217.15,False,183.82
SKU_38,WH_1,22.91,0.16,8,371,0.76,183.31,184.07,-186.93,0.0,OPTIMAL,22.91,23.18,16.19,-347.82,False,186.93
SKU_38,WH_2,15.81,0.15,14,510,0.91,221.34,222.24,-287.76,0.0,OVERSTOCK,15.81,16.01,32.26,-493.99,False,287.76
SKU_38,WH_3,19.26,0.23,8,469,1.06,154.06,155.12,-313.88,0.0,OPTIMAL,19.26,19.61,24.35,-449.39,False,313.88
SKU_38,WH_4,13.46,0.12,13,378,0.72,174.96,175.68,-202.32,0.0,OPTIMAL,13.46,13.63,28.09,-364.37,False,202.32
SKU_38,WH_5,23.97,0.19,13,475,1.13,311.66,312.79,-162.21,0.0,OPTIMAL,23.97,24.23,19.81,-450.77,False,162.21
SKU_39,WH_1,22.01,0.18,10,388,0.92,220.05,220.98,-167.02,0.0,OPTIMAL,22.01,22.29,17.63,-365.71,False,167.02
SKU_39,WH_2,16.05,0.22,8,684,1.02,128.4,129.42,-554.58,0.0,OVERSTOCK,16.05,16.33,42.62,-667.67,False,554.58
SKU_39,WH_3,28.43,0.12,4,587,0.39,113.71,114.1,-472.9,0.0,OPTIMAL,28.43,28.7,20.65,-558.3,False,472.9
SKU_39,WH_4,18.55,0.24,11,444,1.33,204.09,205.42,-238.58,0.0,OPTIMAL,18.55,18.85,23.93,-425.15,False,238.58
SKU_39,WH_5,14.86,0.1,4,512,0.35,59.44,59.79,-452.21,0.0,OVERSTOCK,14.86,15.15,34.46,-496.85,False,452.21
SKU_4,WH_1,22.07,0.18,11,417,0.96,242.82,243.78,-173.22,0.0,OPTIMAL,22.07,22.36,18.89,-394.64,False,173.22
SKU_4,WH_2,23.22,0.22,13,606,1.28,301.86,303.14,-302.86,0.0,OPTIMAL,23.22,23.45,26.1,-582.55,False,302.86
SKU_4,WH_3,18.26,0.13,7,596,0.58,127.82,128.4,-467.6,0.0,OVERSTOCK,18.26,18.49,32.64,-577.51,False,467.6
SKU_4,WH_4,22.75,0.12,12,412,0.68,273.03,273.71,-138.29,0.0,OPTIMAL,22.75,22.92,18.11,-389.08,False,138.29
SKU_4,WH_5,23.14,0.12,8,638,0.56,185.11,185.68,-452.32,0.0,OPTIMAL,23.14,23.31,27.57,-614.69,False,452.32
SKU_40,WH_1,22.92,0.13,2,365,0.3,45.84,46.13,-318.87,0.0,OPTIMAL,22.92,23.1,15.93,-341.9,False,318.87
SKU_40,WH_2,17.52,0.19,14,560,1.14,245.27,246.41,-313.59,0.0,OVERSTOCK,17.52,17.86,31.97,-542.14,False,313.59
SKU_40,WH_3,27.11,0.1,7,387,0.46,189.79,190.25,-196.75,0.0,OPTIMAL,27.11,27.32,14.27,-359.68,False,196.75
SKU_40,WH_4,23.95,0.16,5,395,0.61,119.74,120.35,-274.65,0.0,OPTIMAL,23.95,24.17,16.49,-370.83,False,274.65
SKU_40,WH_5,31.11,0.15,8,580,0.68,248.86,249.54,-330.46,0.0,OPTIMAL,31.11,31.33,18.65,-548.67,False,330.46
SKU_41,WH_1,23.41,0.15,12,363,0.84,280.87,281.71,-81.29,0.0,OPTIMAL,23.41,23.64,15.51,-339.36,False,81.29
SKU_41,WH_2,18.13,0.29,14,616,1.8,253.81,255.61,-360.39,0.0,OVERSTOCK,18.13,18.76,33.98,-597.24,False,360.39
SKU_41,WH_3,20.63,0.12,13,463,0.7,268.15,268.84,-194.16,0.0,OPTIMAL,20.63,20.84,22.45,-442.16,False,194.16
SKU_41,WH_4,19.6,0.16,13,553,0.93,254.8,255.73,-297.27,0.0,OPTIMAL,19.6,19.8,28.21,-533.2,False,297.27
SKU_41,WH_5,8.78,0.29,4,564,0.97,35.12,36.1,-527.9,0.0,OVERSTOCK,8.78,9.34,64.23,-554.66,False,527.9
SKU_42,WH_1,14.99,0.32,9,191,1.57,134.9,136.46,-54.54,0.0,OPTIMAL,14.99,15.6,12.74,-175.4,False,54.54
SKU_42,WH_2,18.84,0.25,5,736,0.93,94.21,95.14,-640.86,0.0,OVERSTOCK,18.84,19.18,39.06,-716.82,False,640.86
SKU_42,WH_3,15.93,0.12,12,630,0.68,191.13,191.81,-438.19,0.0,OVERSTOCK,15.93,16.16,39.55,-613.84,False,438.19
SKU_42,WH_4,23.9,0.14,10,519,0.71,239.03,239.74,-279.26,0.0,OPTIMAL,23.9,24.15,21.71,-494.85,False,279.26
SKU_42,WH_5,10.41,0.23,6,316,0.95,62.45,63.4,-252.6,0.0,OVERSTOCK,10.41,10.85,30.36,-305.15,False,252.6
SKU_43,WH_1,15.2,0.14,12,414,0.79,182.45,183.24,-230.76,0.0,OPTIMAL,15.2,15.43,27.23,-398.57,False,230.76
SKU_43,WH_2,20.14,0.15,12,526,0.87,241.68,242.54,-283.46,0.0,OPTIMAL,20.14,20.4,26.12,-505.6,False,283.46
SKU_43,WH_3,14.24,0.13,7,385,0.57,99.71,100.28,-284.72,0.0,OPTIMAL,14.24,14.47,27.03,-370.53,False,284.72
SKU_43,WH_4,18.25,0.19,7,606,0.84,127.78,128.62,-477.38,0.0,OVERSTOCK,18.25,18.55,33.2,-587.45,False,477.38
SKU_43,WH_5,17.04,0.12,14,454,0.77,238.6,239.37,-214.63,0.0,OPTIMAL,17.04,17.28,26.64,-436.72,False,214.63
SKU_44,WH_1,27.84,0.15,7,426,0.66,194.87,195.53,-230.47,0.0,OPTIMAL,27.84,28.1,15.3,-397.9,False,230.47
SKU_44,WH_2,17.82,0.22,2,327,0.52,35.65,36.17,-290.83,0.0,OPTIMAL,17.82,18.19,18.35,-308.81,False,290.83
SKU_44,WH_3,17.3,0.4,13,200,2.39,224.96,227.35,27.35,27.35,OPTIMAL,17.3,17.75,11.56,-182.25,False,0.0
SKU_44,WH_4,18.0,0.39,12,302,2.23,215.95,218.18,-83.82,0.0,OPTIMAL,18.0,18.6,16.78,-283.4,False,83.82
SKU_44,WH_5,22.94,0.18,4,567,0.59,91.77,92.36,-474.64,0.0,OPTIMAL,22.94,23.2,24.71,-543.8,False,474.64
SKU_45,WH_1,13.31,0.09,8,386,0.43,106.52,106.95,-279.05,0.0,OPTIMAL,13.31,13.54,28.99,-372.46,False,279.05
SKU_45,WH_2,29.03,0.13,7,386,0.56,203.2,203.76,-182.24,0.0,OPTIMAL,29.03,29.27,13.3,-356.73,False,182.24
SKU_45,WH_3,16.96,0.17,9,578,0.86,152.65,153.51,-424.49,0.0,OVERSTOCK,16.96,17.17,34.08,-560.83,False,424.49
SKU_45,WH_4,22.85,0.15,3,583,0.43,68.56,68.99,-514.01,0.0,OPTIMAL,22.85,23.14,25.51,-559.86,False,514.01
SKU_45,WH_5,11.81,0.22,3,458,0.62,35.42,36.03,-421.97,0.0,OVERSTOCK,11.81,12.04,38.8,-445.96,False,421.97
SKU_46,WH_1,17.42,0.21,10,533,1.1,174.19,175.28,-357.72,0.0,OVERSTOCK,17.42,17.82,30.6,-515.18,False,357.72
SKU_46,WH_2,20.1,0.17,7,620,0.74,140.73,141.47,-478.53,0.0,OVERSTOCK,20.1,20.37,30.84,-599.63,False,478.53
SKU_46,WH_3,18.07,0.14,11,344,0.79,198.82,199.61,-144.39,0.0,OPTIMAL,18.07,18.36,19.03,-325.64,False,144.39
SKU_46,WH_4,19.11,0.21,12,596,1.21,229.31,230.52,-365.48,0.0,OVERSTOCK,19.11,19.43,31.19,-576.57,False,365.48
SKU_46,WH_5,16.82,0.14,2,297,0.32,33.65,33.97,-263.03,0.0,OPTIMAL,16.82,17.04,17.65,-279.96,False,263.03
SKU_47,WH_1,18.23,0.17,9,571,0.86,164.03,164.89,-406.11,0.0,OVERSTOCK,18.23,18.5,31.33,-552.5,False,406.11
SKU_47,WH_2,22.95,0.13,11,457,0.71,252.47,253.18,-203.82,0.0,OPTIMAL,22.95,23.23,19.91,-433.77,False,203.82
SKU_47,WH_3,26.03,0.21,10,468,1.08,260.34,261.41,-206.59,0.0,OPTIMAL,26.03,26.35,17.98,-441.65,False,206.59
SKU_47,WH_4,20.39,0.27,5,329,1.01,101.94,102.95,-226.05,0.0,OPTIMAL,20.39,20.73,16.14,-308.27,False,226.05
SKU_47,WH_5,25.97,0.18,8,595,0.84,207.78,208.61,-386.39,0.0,OPTIMAL,25.97,26.22,22.91,-568.78,False,386.39
SKU_48,WH_1,21.98,0.22,2,329,0.51,43.96,44.47,-284.53,0.0,OPTIMAL,21.98,22.24,14.97,-306.76,False,284.53
SKU_48,WH_2,12.03,0.07,8,527,0.33,96.27,96.6,-430.4,0.0,OVERSTOCK,12.03,12.22,43.79,-514.78,False,430.4
SKU_48,WH_3,23.11,0.1,11,660,0.57,254.16,254.72,-405.28,0.0,OPTIMAL,23.11,23.26,28.57,-636.74,False,405.28
SKU_48,WH_4,25.4,0.12,12,486,0.71,304.77,305.47,-180.53,0.0,OPTIMAL,25.4,25.58,19.14,-460.42,False,180.53
SKU_48,WH_5,23.54,0.13,11,369,0.73,258.92,259.65,-109.35,0.0,OPTIMAL,23.54,23.73,15.68,-345.27,False,109.35
SKU_49,WH_1,17.13,0.22,6,599,0.88,102.78,103.65,-495.35,0.0,OVERSTOCK,17.13,17.38,34.97,-581.62,False,495.35
SKU_49,WH_2,17.56,0.15,6,558,0.61,105.36,105.97,-452.03,0.0,OVERSTOCK,17.56,17.86,31.78,-540.14,False,452.03
SKU_49,WH_3,28.54,0.28,12,385,1.63,342.44,344.07,-40.93,0.0,OPTIMAL,28.54,29.12,13.49,-355.88,False,40.93
SKU_49,WH_4,13.37,0.12,14,422,0.73,187.12,187.85,-234.15,0.0,OVERSTOCK,13.37,13.58,31.57,-408.42,False,234.15
SKU_49,WH_5,18.31,0.19,4,441,0.62,73.25,73.87,-367.13,0.0,OPTIMAL,18.31,18.59,24.08,-422.41,False,367.13
SKU_5,WH_1,19.75,0.16,4,565,0.54,79.02,79.56,-485.44,0.0,OPTIMAL,19.75,20.06,28.6,-544.94,False,485.44
SKU_5,WH_2,18.76,0.24,2,293,0.55,37.52,38.07,-254.93,0.0,OPTIMAL,18.76,19.14,15.62,-273.86,False,254.93
SKU_5,WH_3,24.55,0.12,11,321,0.64,270.1,270.74,-50.26,0.0,OPTIMAL,24.55,24.81,13.07,-296.19,False,50.26
SKU_5,WH_4,18.77,0.4,14,331,2.46,262.77,265.22,-65.78,0.0,OPTIMAL,18.77,19.35,17.64,-311.65,False,65.78
SKU_5,WH_5,24.65,0.11,10,311,0.57,246.54,247.11,-63.89,0.0,OPTIMAL,24.65,24.92,12.61,-286.08,False,63.89
SKU_50,WH_1,18.33,0.15,10,609,0.8,183.31,184.11,-424.89,0.0,OVERSTOCK,18.33,18.52,33.22,-590.48,False,424.89
SKU_50,WH_2,24.03,0.2,3,275,0.57,72.09,72.66,-202.34,0.0,OPTIMAL,24.03,24.36,11.44,-250.64,False,202.34
SKU_50,WH_3,14.79,0.27,11,369,1.45,162.67,164.12,-204.88,0.0,OPTIMAL,14.79,15.09,24.95,-353.91,False,204.88
SKU_50,WH_4,24.11,0.2,14,236,1.24,337.57,338.81,102.81,102.81,OPTIMAL,24.11,24.38,9.79,-211.62,False,0.0
SKU_50,WH_5,15.91,0.42,7,275,1.85,111.34,113.19,-161.81,0.0,OPTIMAL,15.91,16.44,17.29,-258.56,False,161.81
SKU_6,WH_1,20.83,0.26,9,464,1.31,187.45,188.76,-275.24,0.0,OPTIMAL,20.83,21.31,22.28,-442.69,False,275.24
SKU_6,WH_2,22.17,0.3,14,452,1.88,310.41,312.28,-139.72,0.0,OPTIMAL,22.17,22.56,20.39,-429.44,False,139.72
SKU_6,WH_3,20.04,0.17,10,761,0.88,200.37,201.25,-559.75,0.0,OVERSTOCK,20.04,20.23,37.98,-740.77,False,559.75
SKU_6,WH_4,23.6,0.12,11,329,0.66,259.64,260.29,-68.71,0.0,OPTIMAL,23.6,23.87,13.94,-305.13,False,68.71
SKU_6,WH_5,16.15,0.12,3,509,0.35,48.44,48.79,-460.21,0.0,OVERSTOCK,16.15,16.34,31.52,-492.66,False,460.21
SKU_7,WH_1,19.87,0.2,3,582,0.56,59.62,60.18,-521.82,0.0,OPTIMAL,19.87,20.18,29.29,-561.82,False,521.82
SKU_7,WH_2,19.53,0.22,5,494,0.81,97.66,98.47,-395.53,0.0,OPTIMAL,19.53,19.91,25.29,-474.09,False,395.53
SKU_7,WH_3,23.53,0.22,3,657,0.63,70.59,71.22,-585.78,0.0,OPTIMAL,23.53,23.81,27.92,-633.19,False,585.78
SKU_7,WH_4,15.32,0.13,4,675,0.42,61.29,61.71,-613.29,0.0,OVERSTOCK,15.32,15.56,44.05,-659.44,False,613.29
SKU_7,WH_5,24.64,0.08,8,348,0.37,197.15,197.52,-150.48,0.0,OPTIMAL,24.64,24.78,14.12,-323.22,False,150.48
SKU_8,WH_1,14.88,0.14,13,452,0.83,193.44,194.27,-257.73,0.0,OVERSTOCK,14.88,15.13,30.38,-436.87,False,257.73
SKU_8,WH_2,23.32,0.11,10,472,0.6,233.15,233.75,-238.25,0.0,OPTIMAL,23.32,23.49,20.24,-448.51,False,238.25
SKU_8,WH_3,32.89,0.29,4,342,0.95,131.56,132.51,-209.49,0.0,OPTIMAL,32.89,33.36,10.4,-308.64,False,209.49
SKU_8,WH_4,19.44,0.14,7,598,0.61,136.08,136.68,-461.32,0.0,OVERSTOCK,19.44,19.89,30.76,-578.11,False,461.32
SKU_8,WH_5,11.85,0.17,5,531,0.64,59.24,59.87,-471.13,0.0,OVERSTOCK,11.85,12.04,44.82,-518.96,False,471.13
SKU_9,WH_1,16.7,0.18,11,336,0.97,183.75,184.72,-151.28,0.0,OPTIMAL,16.7,17.09,20.11,-318.91,False,151.28
SKU_9,WH_2,22.37,0.24,12,397,1.35,268.48,269.84,-127.16,0.0,OPTIMAL,22.37,22.77,17.74,-374.23,False,127.16
SKU_9,WH_3,11.98,0.21,14,533,1.28,167.66,168.94,-364.06,0.0,OVERSTOCK,11.98,12.32,44.51,-520.68,False,364.06
SKU_9,WH_4,19.71,0.11,3,396,0.32,59.14,59.47,-336.53,0.0,OPTIMAL,19.71,19.94,20.09,-376.06,False,336.53
SKU_9,WH_5,20.32,0.18,13,516,1.1,264.15,265.25,-250.75,0.0,OPTIMAL,20.32,20.58,25.39,-495.42,False,250.75
